"Keyword","Search Volume (Global)","CPC (Global)","Competition (Global)","Trending %","Nov 2024","Dec 2024","Jan 2025","Feb 2025","Mar 2025","Apr 2025","May 2025","Jun 2025","Jul 2025","Aug 2025","Sep 2025","Oct 2025"
"answer the public","201,000","$1.23","0.01","-17%","201,000","165,000","246,000","201,000","246,000","201,000","201,000","201,000","201,000","165,000","165,000","165,000"
"answerthepublic","201,000","$1.23","0.01","-17%","201,000","165,000","246,000","201,000","246,000","201,000","201,000","201,000","201,000","165,000","165,000","165,000"
"answer the public alternative","1,000","$1.22","0.41","-46%","1,300","1,000","1,000","1,300","1,300","1,300","1,300","1,000","1,000","880","1,000","590"
"answerthepublic alternative","1,000","$1.22","0.41","-46%","1,300","1,000","1,000","1,300","1,300","1,300","1,300","1,000","1,000","880","1,000","590"
"answer the public website","880","$0.53","0.06","93%","590","720","880","720","720","590","720","880","880","1,600","1,600","1,900"
"answer the public free","480","$1.11","0.13","-14%","390","480","590","480","720","590","480","320","320","320","320","390"
"answer the public login","480","$0.68","0.01","54%","480","390","480","480","390","480","480","320","390","390","590","720"
"answer the public tool","320","$0.42","0.09","113%","260","260","320","260","210","210","210","320","320","480","480","720"
"answer the public reviews","210","$0.00","0.01","-24%","110","210","170","210","260","260","260","320","320","210","170","170"
"answer the public api","210","$1.44","0.19","0%","110","140","170","210","210","210","260","210","260","260","260","210"
"answerthepublic api","210","$1.44","0.19","0%","110","140","170","210","210","210","260","210","260","260","260","210"
"what is answer the public","210","$0.00","0.02","-6%","260","260","260","210","210","210","210","210","210","210","210","210"
"answer the public pricing","170","$1.21","0.04","26%","140","170","170","140","170","140","170","140","170","170","210","210"
"answerthepublic pricing","170","$1.00","0.06","-45%","170","140","170","140","170","140","170","170","210","210","170","90"
"answer the public keyword research","110","$0.15","0.06","13%","90","70","70","70","50","50","50","70","50","90","390","110"
"answer the public search volume","77","$0.00","0","","0","0","0","0","0","0","0","0","0","0","0","0"
"answer the public vs ahrefs","50","$0.00","0.04","-79%","30","20","20","70","50","50","70","70","90","40","30","10"
"is answer the public free","40","$0.00","0","2%","40","30","40","50","50","30","30","40","40","40","40","40"
"answer the public vs semrush","40","$0.00","0.03","-15%","30","30","50","50","70","30","40","30","20","30","10","30"
"how does answer the public work","30","$0.00","0","20%","30","30","20","20","40","20","20","20","20","30","20","30"
"answer the public lifetime deal","20","$0.00","0.11","-12%","10","10","50","30","40","20","20","10","10","30","20","20"
"answer the public free version","20","$0.64","0.17","9%","20","20","20","30","10","20","10","10","30","10","20","20"
"answer the public competitors","20","$1.69","0.59","-43%","30","20","20","10","20","30","10","20","10","10","20","10"
"answer the public seo tool","10","$0.00","0.1","-15%","20","10","10","10","10","10","10","10","10","20","10","10"
"answer the public tutorial","10","$0.00","0","49%","10","10","10","10","20","20","10","10","10","10","20","20"
"answer the public free trial","10","$0.00","0.34","-25%","10","20","20","10","10","20","20","10","10","10","10","10"
"answerthepublic tool","0","$0.00","0","","","","","","","","","","","","",""
"answer the public keyword generator","0","$0.00","0","","","","","","","","","","","","",""
"answer the public question generator","0","$0.00","0","","","","","","","","","","","","",""
"answer the public search questions","0","$0.00","0","","","","","","","","","","","","",""
"answer the public google questions","0","$0.00","0","","","","","","","","","","","","",""
"answer the public autocomplete","0","$0.00","0","","","","","","","","","","","","",""
"answer the public people also ask","0","$0.00","0","","","","","","","","","","","","",""
"answer the public data","0","$0.00","0","","","","","","","","","","","","",""
"answer the public query data","0","$0.00","0","","","","","","","","","","","","",""
"answer the public keyword ideas","0","$0.00","0","","","","","","","","","","","","",""
"answer the public long tail keywords","0","$0.00","0","","","","","","","","","","","","",""
"answer the public content ideas","0","$0.00","0","","","","","","","","","","","","",""
"answer the public content research","0","$0.00","0","","","","","","","","","","","","",""
"answer the public for seo","0","$0.00","0","","","","","","","","","","","","",""
"answer the public for blogging","0","$0.00","0","","","","","","","","","","","","",""
"answer the public for marketing","0","$0.00","0","","","","","","","","","","","","",""
"answer the public examples","0","$0.00","0","","","","","","","","","","","","",""
"answer the public explained","0","$0.00","0","","","","","","","","","","","","",""
"answer the public how to use","0","$0.00","0","","","","","","","","","","","","",""
"answer the public guide","0","$0.00","0","","","","","","","","","","","","",""
"answer the public walkthrough","0","$0.00","0","","","","","","","","","","","","",""
"answer the public demo","0","$0.00","0","","","","","","","","","","","","",""
"answer the public dataset","0","$0.00","0","","","","","","","","","","","","",""
"answer the public export","0","$0.00","0","","","","","","","","","","","","",""
"answer the public csv export","0","$0.00","0","","","","","","","","","","","","",""
"answer the public report","0","$0.00","0","","","","","","","","","","","","",""
"answer the public insights","0","$0.00","0","","","","","","","","","","","","",""
"answer the public suggestions","0","$0.00","0","","","","","","","","","","","","",""
"answer the public visualization","0","$0.00","0","","","","","","","","","","","","",""
"answer the public search cloud","0","$0.00","0","","","","","","","","","","","","",""
"answer the public keyword cloud","0","$0.00","0","","","","","","","","","","","","",""
"answer the public wheel","0","$0.00","0","","","","","","","","","","","","",""
"answer the public question wheel","0","$0.00","0","","","","","","","","","","","","",""
"answer the public cost","0","$0.00","0","","","","","","","","","","","","",""
"answer the public pro plan","0","$0.00","0","","","","","","","","","","","","",""
"answer the public free alternatives","0","$0.00","0","","","","","","","","","","","","",""
"answer the public too expensive","0","$0.00","0","","","","","","","","","","","","",""
"answer the public worth it","0","$0.00","0","","","","","","","","","","","","",""
"answer the public value","0","$0.00","0","","","","","","","","","","","","",""
"answer the public api access","0","$0.00","0","","","","","","","","","","","","",""
"answer the public data api","0","$0.00","0","","","","","","","","","","","","",""
"answer the public api alternative","0","$0.00","0","","","","","","","","","","","","",""
"answer the public api documentation","0","$0.00","0","","","","","","","","","","","","",""
"answer the public api integration","0","$0.00","0","","","","","","","","","","","","",""
"answer the public scrape","0","$0.00","0","","","","","","","","","","","","",""
"scrape answer the public","0","$0.00","0","","","","","","","","","","","","",""
"answer the public scraper","0","$0.00","0","","","","","","","","","","","","",""
"answerthepublic scraper","0","$0.00","0","","","","","","","","","","","","",""
"answer the public data scraper","0","$0.00","0","","","","","","","","","","","","",""
"how to scrape answer the public","0","$0.00","0","","","","","","","","","","","","",""
"is it legal to scrape answer the public","0","$0.00","0","","","","","","","","","","","","",""
"scrape answer the public without login","0","$0.00","0","","","","","","","","","","","","",""
"scrape answer the public queries","0","$0.00","0","","","","","","","","","","","","",""
"scrape answer the public results","0","$0.00","0","","","","","","","","","","","","",""
"scrape answer the public wheel","0","$0.00","0","","","","","","","","","","","","",""
"answer the public scraping tool","0","$0.00","0","","","","","","","","","","","","",""
"scraping answer the public suggestions","0","$0.00","0","","","","","","","","","","","","",""
"answer the public apify","0","$0.00","0","","","","","","","","","","","","",""
"apify answer the public scraper","0","$0.00","0","","","","","","","","","","","","",""
"apify answerthepublic","0","$0.00","0","","","","","","","","","","","","",""
"answer the public apify integration","0","$0.00","0","","","","","","","","","","","","",""
"answer the public apify actor","0","$0.00","0","","","","","","","","","","","","",""
"answer the public apify tool","0","$0.00","0","","","","","","","","","","","","",""
"answer the public apify workflow","0","$0.00","0","","","","","","","","","","","","",""
"build answer the public scraper on apify","0","$0.00","0","","","","","","","","","","","","",""
"apify clone of answer the public","0","$0.00","0","","","","","","","","","","","","",""
"cheaper alternative to answer the public","0","$0.00","0","","","","","","","","","","","","",""
"best answer the public alternatives","0","$0.00","0","","","","","","","","","","","","",""
"answer the public vs alsoasked","0","$0.00","0","","","","","","","","","","","","",""
"answer the public vs keywordtool","0","$0.00","0","","","","","","","","","","","","",""
"answer the public vs keyword planner","0","$0.00","0","","","","","","","","","","","","",""
"answer the public vs ubbersuggest","0","$0.00","0","","","","","","","","","","","","",""
"answer the public vs keyword chef","0","$0.00","0","","","","","","","","","","","","",""
"answer the public vs storybase","0","$0.00","0","","","","","","","","","","","","",""
"answer the public vs answer socrates","0","$0.00","0","","","","","","","","","","","","",""
"answer the public vs search response","0","$0.00","0","","","","","","","","","","","","",""
"answer the public vs answerthepublic","0","$0.00","0","","","","","","","","","","","","",""
"answer the public not working","0","$0.00","0","","","","","","","","","","","","",""
"answer the public down","0","$0.00","0","","","","","","","","","","","","",""
"answer the public slow","0","$0.00","0","","","","","","","","","","","","",""
"answer the public inaccurate","0","$0.00","0","","","","","","","","","","","","",""
"answer the public shows no data","0","$0.00","0","","","","","","","","","","","","",""
"answer the public stuck loading","0","$0.00","0","","","","","","","","","","","","",""
"answer the public login problem","0","$0.00","0","","","","","","","","","","","","",""
"answer the public for ecommerce","0","$0.00","0","","","","","","","","","","","","",""
"answer the public for youtube","0","$0.00","0","","","","","","","","","","","","",""
"answer the public for saas","0","$0.00","0","","","","","","","","","","","","",""
"answer the public for local business","0","$0.00","0","","","","","","","","","","","","",""
"answer the public for niche research","0","$0.00","0","","","","","","","","","","","","",""
"answer the public for affiliate marketing","0","$0.00","0","","","","","","","","","","","","",""
"answer the public for keyword intent","0","$0.00","0","","","","","","","","","","","","",""
"answer the public for long tail seo","0","$0.00","0","","","","","","","","","","","","",""
"answer the public for question mining","0","$0.00","0","","","","","","","","","","","","",""
"answer the public question ideas","0","$0.00","0","","","","","","","","","","","","",""
"answer the public keyword ideas list","0","$0.00","0","","","","","","","","","","","","",""
"answer the public keyword niches","0","$0.00","0","","","","","","","","","","","","",""
"answer the public niche questions","0","$0.00","0","","","","","","","","","","","","",""
"answer the public research questions","0","$0.00","0","","","","","","","","","","","","",""
"answer the public topic research","0","$0.00","0","","","","","","","","","","","","",""
"answer the public content ideas generator","0","$0.00","0","","","","","","","","","","","","",""
"answer the public consumer questions","0","$0.00","0","","","","","","","","","","","","",""
"answer the public customer questions","0","$0.00","0","","","","","","","","","","","","",""
"answer the public pro features","0","$0.00","0","","","","","","","","","","","","",""
"answer the public account limits","0","$0.00","0","","","","","","","","","","","","",""
"answer the public credits","0","$0.00","0","","","","","","","","","","","","",""
"answer the public searches per day","0","$0.00","0","","","","","","","","","","","","",""
"answer the public dashboard","0","$0.00","0","","","","","","","","","","","","",""
"how accurate is answer the public","0","$0.00","0","","","","","","","","","","","","",""
"why use answer the public","0","$0.00","0","","","","","","","","","","","","",""
"who owns answer the public","0","$0.00","0","","","","","","","","","","","","",""
"answer the public for beginners","0","$0.00","0","","","","","","","","","","","","",""
"build answer the public clone","0","$0.00","0","","","","","","","","","","","","",""
"create answer the public clone","0","$0.00","0","","","","","","","","","","","","",""
"answer the public clone open source","0","$0.00","0","","","","","","","","","","","","",""
"make your own answer the public tool","0","$0.00","0","","","","","","","","","","","","",""
"answer the public style keyword wheel","0","$0.00","0","","","","","","","","","","","","",""
"answer the public style data visualisation","0","$0.00","0","","","","","","","","","","","","",""
"answer the public metrics","0","$0.00","0","","","","","","","","","","","","",""
"answer the public keyword analysis","0","$0.00","0","","","","","","","","","","","","",""
"answer the public serp questions","0","$0.00","0","","","","","","","","","","","","",""
"answer the public for agencies","0","$0.00","0","","","","","","","","","","","","",""
"answer the public for freelancers","0","$0.00","0","","","","","","","","","","","","",""
"answer the public for content creators","0","$0.00","0","","","","","","","","","","","","",""
"answer the public for copywriters","0","$0.00","0","","","","","","","","","","","","",""
"answer the public for podcasters","0","$0.00","0","","","","","","","","","","","","",""
"answer the public for bloggers","0","$0.00","0","","","","","","","","","","","","",""
"answer the public chrome extension","0","$0.00","0","","","","","","","","","","","","",""
"answer the public plugin","0","$0.00","0","","","","","","","","","","","","",""
"answer the public firefox extension","0","$0.00","0","","","","","","","","","","","","",""
"answer the public tracking tool","0","$0.00","0","","","","","","","","","","","","",""
"is answer the public good","0","$0.00","0","","","","","","","","","","","","",""
"is answerthepublic reliable","0","$0.00","0","","","","","","","","","","","","",""
"answerthepublic trend analysis","0","$0.00","0","","","","","","","","","","","","",""
"answerthepublic popularity","0","$0.00","0","","","","","","","","","","","","",""
"answerthepublic brand queries","0","$0.00","0","","","","","","","","","","","","",""
"answer the public comparisons","0","$0.00","0","","","","","","","","","","","","",""
"answer the public vs alternatives","0","$0.00","0","","","","","","","","","","","","",""
"answer the public vs free tools","0","$0.00","0","","","","","","","","","","","","",""
"answer the public beta","0","$0.00","0","","","","","","","","","","","","",""
"answer the public update","0","$0.00","0","","","","","","","","","","","","",""
"answer the public new features","0","$0.00","0","","","","","","","","","","","","",""
"best way to use answer the public","0","$0.00","0","","","","","","","","","","","","",""
"how to get more from answer the public","0","$0.00","0","","","","","","","","","","","","",""
"how to analyse answer the public data","0","$0.00","0","","","","","","","","","","","","",""
"how to cluster answer the public keywords","0","$0.00","0","","","","","","","","","","","","",""
"answer the public question clusters","0","$0.00","0","","","","","","","","","","","","",""
"answer the public question map","0","$0.00","0","","","","","","","","","","","","",""
"answer the public keyword map","0","$0.00","0","","","","","","","","","","","","",""
"answer the public keyword tree","0","$0.00","0","","","","","","","","","","","","",""
"answer the public keyword graph","0","$0.00","0","","","","","","","","","","","","",""
"answer the public for content planning","0","$0.00","0","","","","","","","","","","","","",""
"answer the public for keyword planning","0","$0.00","0","","","","","","","","","","","","",""
"answer the public for content strategy","0","$0.00","0","","","","","","","","","","","","",""
"answer the public scraping script","0","$0.00","0","","","","","","","","","","","","",""
"answer the public scraping api","0","$0.00","0","","","","","","","","","","","","",""
"python scrape answer the public","0","$0.00","0","","","","","","","","","","","","",""
"node scrape answer the public","0","$0.00","0","","","","","","","","","","","","",""
"javascript scrape answer the public","0","$0.00","0","","","","","","","","","","","","",""
"answer the public blocked","0","$0.00","0","","","","","","","","","","","","",""
"answer the public rate limits","0","$0.00","0","","","","","","","","","","","","",""
"answer the public captcha","0","$0.00","0","","","","","","","","","","","","",""
"answer the public refund","0","$0.00","0","","","","","","","","","","","","",""
"answer the public customer service","0","$0.00","0","","","","","","","","","","","","",""
"answer the public support","0","$0.00","0","","","","","","","","","","","","",""
"answer the public login issues","0","$0.00","0","","","","","","","","","","","","",""
"how to export answer the public results","0","$0.00","0","","","","","","","","","","","","",""
"answer the public export to csv","0","$0.00","0","","","","","","","","","","","","",""
"answer the public export to json","0","$0.00","0","","","","","","","","","","","","",""
"answer the public export methods","0","$0.00","0","","","","","","","","","","","","",""