Campaign,Ad Group,Keyword,Match Type,Max CPC Bid,Est. Search Volume,Ad Headline 1,Ad Headline 2,Ad Headline 3,Description 1,Description 2,Final URL,Display URL Path 1,Display URL Path 2
Answer the Public - Core,What is ATP,what is answer the public,Exact,2.50,8100,"What is Answer the Public?","Keyword Research Made Easy","Free Guide & Tutorial","Discover how Answer the Public reveals what people search for. Complete guide with examples, use cases, and best practices.","Get unlimited keyword research data without daily limits. Automate with our Apify actor.",https://withseismic.com/apify-actors/answer-the-public/articles/what-is-answer-the-public,what-is,answer-the-public
Answer the Public - Core,What is ATP,answer the public tool,Phrase,2.25,3600,"Answer the Public Tool Guide","Keyword Discovery Platform","Get Started Today","Learn how Answer the Public helps you find questions people ask about your keywords across Google, Bing, YouTube & more.","See exactly what your audience searches for. Free guide available.",https://withseismic.com/apify-actors/answer-the-public/articles/what-is-answer-the-public,keyword-tool,guide
Answer the Public - Core,What is ATP,answer the public keyword research,Phrase,2.75,2900,"Answer the Public Tutorial","Unlimited Keyword Research","No Daily Search Limits","Complete guide to using Answer the Public for SEO strategy, content planning, and PPC campaigns.","Automate keyword research with structured JSON data. Save 10+ hours/month.",https://withseismic.com/apify-actors/answer-the-public/articles/what-is-answer-the-public,keyword-research,automation
Answer the Public - Core,How It Works,how answer the public works,Exact,2.40,1900,"How Answer the Public Works","Behind the Scenes Guide","Free Tutorial","Learn how ATP scrapes autocomplete data from search engines and organizes it into actionable insights.","Discover the magic behind question discovery and visual keyword mapping.",https://withseismic.com/apify-actors/answer-the-public/articles/how-answer-the-public-works,how-it-works,guide
Answer the Public - Core,How It Works,answer the public tutorial,Phrase,2.10,4800,"Answer the Public Tutorial","Complete Usage Guide","Get Started Free","Step-by-step guide to using Answer the Public. Find questions, visualize data, export results.","Master keyword research with our comprehensive tutorial and automation tips.",https://withseismic.com/apify-actors/answer-the-public/articles/complete-guide-using-answer-the-public,tutorial,guide
Answer the Public - API,API Access,answer the public api,Exact,3.50,1600,"Answer the Public API","Automate Keyword Research","Unlimited Access","Get programmatic access to Answer the Public data. No 3 search/day limit. Structured JSON output.","Process hundreds of keywords in minutes. Pay-per-use pricing, no subscriptions.",https://withseismic.com/apify-actors/answer-the-public/articles/why-use-answer-the-public-api,api,automation
Answer the Public - API,API Access,answer the public automation,Phrase,3.25,880,"Automate Answer the Public","Bulk Keyword Research","Save 10+ Hours/Month","Automate keyword research at scale. Process 100+ keywords in one run with our Apify actor.","No daily limits, no subscriptions. Get structured data ready for your tools.",https://withseismic.com/apify-actors/answer-the-public/articles/why-use-answer-the-public-api,automation,bulk-research
Answer the Public - API,API Access,answer the public bulk research,Phrase,3.10,560,"Bulk Keyword Research Tool","Process 100+ Keywords","No Search Limits","Scale your keyword research beyond manual searches. Automated data collection and export.","Integrate with n8n, Make, Zapier. Schedule regular monitoring runs.",https://withseismic.com/apify-actors/answer-the-public/articles/why-use-answer-the-public-api,bulk-research,api
Answer the Public - API,Apify Actor,answer the public apify,Exact,3.80,720,"Answer the Public Apify Actor","Unlimited Keyword Data","$15/month for 100 Keywords","Get Answer the Public data via Apify. Automate research, integrate with your workflow, no daily limits.","85-90% cheaper than ATP Pro subscription. Free tier available to test.",https://apify.com/deadlyaccurate/answer-the-public,apify,actor
Answer the Public - API,Apify Actor,apify answer the public actor,Phrase,3.60,420,"ATP Data Automation","Apify Integration","No Daily Limits","Process unlimited keywords with the Answer the Public Apify actor. Structured JSON output, webhook support.","Schedule runs, integrate with Google Sheets, save hours of manual work.",https://apify.com/deadlyaccurate/answer-the-public,automation,integration
Answer the Public - SEO,SEO Strategy,answer the public for seo,Phrase,2.80,3200,"Answer the Public for SEO","Build SEO Content Strategy","2025 Complete Guide","Learn how to use Answer the Public for SEO: topic clusters, featured snippets, long-tail keywords.","Discover question-based content opportunities that drive organic traffic.",https://withseismic.com/apify-actors/answer-the-public/articles/for-seo-strategy,seo,strategy
Answer the Public - SEO,SEO Strategy,answer the public seo strategy,Phrase,2.90,1400,"SEO Strategy with ATP","Featured Snippet Targeting","Topic Cluster Planning","Comprehensive guide to leveraging ATP for SEO: question discovery, SERP analysis, content gaps.","Build topic clusters, target snippets, discover long-tail keywords at scale.",https://withseismic.com/apify-actors/answer-the-public/articles/for-seo-strategy,seo-strategy,guide
Answer the Public - SEO,Content Planning,answer the public content ideas,Phrase,2.30,2100,"Content Ideas Tool","Question-Based Content","Never Run Out of Topics","Generate 6-12 months of content ideas with Answer the Public. Find exact questions to answer.","Discover what your audience actually searches for. Plan content that ranks.",https://withseismic.com/apify-actors/answer-the-public/articles/for-seo-strategy,content-ideas,planning
Answer the Public - SEO,Content Planning,keyword research for blog,Broad,1.90,8900,"Blog Keyword Research","Content Planning Made Easy","Free Guide","Find trending blog topics with keyword research. Discover questions people ask about your niche.","Create content that ranks. Target featured snippets with question-based posts.",https://withseismic.com/apify-actors/answer-the-public/articles/for-seo-strategy,blog,keyword-research
Answer the Public - Comparison,ATP vs Ahrefs,answer the public vs ahrefs,Exact,3.20,1300,"Answer the Public vs Ahrefs","Which Tool is Better?","2025 Comparison","Comprehensive comparison of ATP and Ahrefs: features, pricing, data quality, use cases.","Save $1008/year with the right tool choice. See which fits your needs.",https://withseismic.com/apify-actors/answer-the-public/articles/vs-ahrefs,comparison,ahrefs
Answer the Public - Comparison,ATP vs Ahrefs,ahrefs vs answer the public,Phrase,3.15,890,"Ahrefs vs ATP Comparison","Complete Feature Analysis","Pricing & ROI Breakdown","Compare question discovery, search volume data, keyword difficulty, and pricing between tools.","Learn the best approach: Ahrefs + Apify actor saves 37% vs ATP Pro + Ahrefs.",https://withseismic.com/apify-actors/answer-the-public/articles/vs-ahrefs,ahrefs,comparison
Answer the Public - Comparison,ATP vs SEMrush,answer the public vs semrush,Exact,3.10,1100,"Answer the Public vs SEMrush","Which Keyword Tool Wins?","Complete 2025 Guide","Detailed comparison of Answer the Public and SEMrush for keyword research and SEO.","See features, pricing, data accuracy, and which tool provides better ROI.",https://withseismic.com/apify-actors/answer-the-public/articles/vs-semrush,comparison,semrush
Answer the Public - Comparison,ATP vs SEMrush,semrush vs answer the public,Phrase,3.05,760,"SEMrush vs ATP","Tool Comparison Guide","Make the Right Choice","Compare SEMrush and Answer the Public: question discovery, metrics, competitor analysis.","Enterprise SEO platform vs specialized question tool. Which do you need?",https://withseismic.com/apify-actors/answer-the-public/articles/vs-semrush,semrush,comparison
Answer the Public - Comparison,Alternatives,answer the public alternatives,Phrase,2.95,2400,"Answer the Public Alternatives","Best Keyword Research Tools","Free & Paid Options","Explore alternatives to Answer the Public: features, pricing, pros/cons of each tool.","Find the right keyword research tool for your budget and needs.",https://withseismic.com/apify-actors/answer-the-public/articles/alternatives-comparison,alternatives,tools
Answer the Public - Comparison,Alternatives,keyword research tools,Broad,2.10,14800,"Best Keyword Research Tools","SEO & Content Planning","Compare Top Options","Comprehensive guide to keyword research tools: Answer the Public, Ahrefs, SEMrush, alternatives.","Find questions people ask. Discover long-tail keywords. Build content strategy.",https://withseismic.com/apify-actors/answer-the-public/articles/alternatives-comparison,keyword-tools,research
Answer the Public - Pricing,Pricing Info,answer the public pricing,Exact,2.70,3800,"Answer the Public Pricing","Free vs Paid Plans","Complete Breakdown 2025","Detailed pricing analysis: free tier limits, Pro plan costs, Expert features, ROI calculation.","Is ATP worth it? Compare subscription vs automated API access pricing.",https://withseismic.com/apify-actors/answer-the-public/articles/pricing-breakdown,pricing,plans
Answer the Public - Pricing,Pricing Info,answer the public cost,Phrase,2.65,2200,"Answer the Public Cost","How Much Does ATP Cost?","Pricing Guide 2025","Complete cost breakdown: $99/month Pro plan, $199/month Expert, free tier limitations.","Save 85-90% with Apify automation vs ATP Pro subscription.",https://withseismic.com/apify-actors/answer-the-public/articles/pricing-breakdown,cost,pricing
Answer the Public - Pricing,Free vs Paid,answer the public free,Phrase,2.20,4600,"Answer the Public Free Plan","3 Searches Per Day Limit","Upgrade Options","Free plan provides 3 searches/day. Learn limitations and when to upgrade to paid plans.","Get unlimited searches with automation. No daily limits, pay per use.",https://withseismic.com/apify-actors/answer-the-public/articles/free-vs-paid,free,trial
Answer the Public - Pricing,Free vs Paid,answer the public free vs paid,Phrase,2.60,890,"Free vs Paid ATP","Which Plan Do You Need?","Complete Comparison","Compare Answer the Public free and paid plans: search limits, features, export options.","Learn when free is enough and when automation beats paid subscriptions.",https://withseismic.com/apify-actors/answer-the-public/articles/free-vs-paid,free-vs-paid,plans
Answer the Public - Pricing,Worth It,is answer the public worth it,Phrase,2.55,1700,"Is Answer the Public Worth It?","ROI Analysis & Review","2025 Honest Assessment","Independent review: Is ATP worth the price? ROI analysis, alternatives, automation options.","Get our verdict on ATP subscriptions vs API automation for different use cases.",https://withseismic.com/apify-actors/answer-the-public/articles/is-it-worth-it,worth-it,review
Answer the Public - Long-tail,Question Discovery,question based keywords,Broad,1.95,1400,"Question-Based Keywords","Content Ideas from Questions","SEO Strategy Guide","Discover question keywords people search for. Build FAQ content, target featured snippets.","Answer the Public reveals what, why, how, when, where questions for any topic.",https://withseismic.com/apify-actors/answer-the-public/articles/for-seo-strategy,questions,keywords
Answer the Public - Long-tail,Question Discovery,people also ask keywords,Broad,2.15,2800,"People Also Ask Keywords","Featured Snippet Opportunities","Find PAA Questions","Target People Also Ask (PAA) boxes in Google. Discover question keywords that trigger PAA.","Use Answer the Public to find PAA opportunities and create optimized content.",https://withseismic.com/apify-actors/answer-the-public/articles/for-seo-strategy,paa,questions
Answer the Public - Long-tail,Long-tail Keywords,long tail keyword research,Phrase,2.40,5600,"Long-Tail Keyword Research","Low Competition Keywords","Higher Conversion Rates","Discover long-tail keywords (3+ words) with lower difficulty and higher intent.","Answer the Public excels at revealing specific, targeted keyword variations.",https://withseismic.com/apify-actors/answer-the-public/articles/for-seo-strategy,long-tail,research
Answer the Public - Long-tail,Long-tail Keywords,find long tail keywords,Phrase,2.35,3100,"Find Long-Tail Keywords","Keyword Discovery Tool","Question-Based Research","Learn how to find long-tail keywords using Answer the Public's question and preposition data.","Combine ATP questions with search volume data for best opportunities.",https://withseismic.com/apify-actors/answer-the-public/articles/for-seo-strategy,find-keywords,long-tail
Answer the Public - Use Cases,Content Strategy,content planning tool,Broad,1.85,4200,"Content Planning Tool","Blog Ideas & Strategy","Never Run Out of Topics","Plan months of content with keyword research. Discover trending topics and questions.","Answer the Public generates hundreds of content ideas from one keyword.",https://withseismic.com/apify-actors/answer-the-public/articles/for-seo-strategy,content-planning,tools
Answer the Public - Use Cases,Content Strategy,blog topic ideas,Broad,1.70,6800,"Blog Topic Ideas Generator","Content Ideas from Keywords","SEO-Optimized Topics","Generate blog topics based on real search queries. Find questions your audience asks.","Create question-based content that ranks. Build topic clusters systematically.",https://withseismic.com/apify-actors/answer-the-public/articles/for-seo-strategy,blog-topics,ideas
Answer the Public - Use Cases,Topic Clusters,topic cluster seo,Phrase,2.50,1900,"Topic Cluster SEO Strategy","Build Content Hubs","Pillar Page Planning","Learn how to build topic clusters using Answer the Public question data for SEO.","Create pillar pages and cluster content that builds topical authority.",https://withseismic.com/apify-actors/answer-the-public/articles/for-seo-strategy,topic-clusters,seo
Answer the Public - Use Cases,Topic Clusters,pillar page strategy,Phrase,2.45,1600,"Pillar Page Strategy","Content Hub Planning","Topic Cluster Guide","Build comprehensive pillar pages using ATP question research. Plan supporting cluster content.","Map customer journey with question-based content at each funnel stage.",https://withseismic.com/apify-actors/answer-the-public/articles/for-seo-strategy,pillar-pages,strategy
Answer the Public - Use Cases,Featured Snippets,featured snippet keywords,Phrase,2.85,2100,"Featured Snippet Keywords","Position Zero Targeting","Win More Snippets","Discover question keywords that trigger featured snippets in Google search results.","Use Answer the Public to find snippet opportunities and optimize content format.",https://withseismic.com/apify-actors/answer-the-public/articles/for-seo-strategy,featured-snippets,keywords
Answer the Public - Use Cases,Featured Snippets,how to get featured snippets,Phrase,2.70,3400,"How to Get Featured Snippets","Question-Based Content","Optimize for Position Zero","Learn how to target featured snippets using Answer the Public question discovery.","Create paragraph, list, and table snippets that answer questions directly.",https://withseismic.com/apify-actors/answer-the-public/articles/for-seo-strategy,get-snippets,guide
Answer the Public - Agency,Agency Tools,keyword research for agencies,Phrase,3.40,1200,"Keyword Research for Agencies","Client Research at Scale","Automated Reporting","Scale keyword research across multiple clients. Automate monthly monitoring and reporting.","Process 100+ keywords per client. Save 15-20 hours per month on research.",https://withseismic.com/apify-actors/answer-the-public/articles/why-use-answer-the-public-api,agency,tools
Answer the Public - Agency,Agency Tools,seo agency tools,Broad,2.90,3800,"SEO Agency Tools","Client Research Platform","Automated Workflows","Essential tools for SEO agencies: keyword research, competitor analysis, content planning.","Automate Answer the Public research. No per-user fees for entire team access.",https://withseismic.com/apify-actors/answer-the-public/articles/why-use-answer-the-public-api,agency-tools,seo
Answer the Public - Agency,Client Reporting,seo client reporting,Phrase,2.75,2600,"SEO Client Reporting","Automated Keyword Reports","Monthly Trend Tracking","Generate client reports showing trending questions and content opportunities discovered.","Visual presentations with ATP wheel charts plus actionable metrics from research.",https://withseismic.com/apify-actors/answer-the-public/articles/vs-ahrefs,client-reporting,seo
Answer the Public - Automation,Workflow Automation,automate keyword research,Phrase,3.15,1800,"Automate Keyword Research","Save 10+ Hours Per Month","Scheduled Research Runs","Automate keyword research workflows: scheduled runs, webhook integration, auto-export.","Process hundreds of keywords while you sleep. No manual work required.",https://withseismic.com/apify-actors/answer-the-public/articles/why-use-answer-the-public-api,automation,workflow
Answer the Public - Automation,Workflow Automation,n8n keyword research,Phrase,2.95,680,"N8N Keyword Research","Workflow Automation","Answer the Public + N8N","Integrate Answer the Public with n8n for automated keyword research workflows.","Trigger research on new products, feed to Google Sheets, alert on trends.",https://withseismic.com/apify-actors/answer-the-public/articles/why-use-answer-the-public-api,n8n,automation
Answer the Public - Automation,Zapier Integration,zapier keyword research,Phrase,2.85,520,"Zapier + Keyword Research","Automated Data Workflows","Integration Guide","Connect Answer the Public to Zapier. Feed keyword data to Airtable, Sheets, CRMs.","Build automated content calendars from keyword research data.",https://withseismic.com/apify-actors/answer-the-public/articles/why-use-answer-the-public-api,zapier,integration
Answer the Public - Automation,Make Integration,make keyword research,Phrase,2.80,420,"Make.com Integration","Visual Automation","Keyword Research Flows","Integrate Answer the Public with Make.com for visual workflow automation.","Schedule keyword monitoring, enrich with search volume, push to databases.",https://withseismic.com/apify-actors/answer-the-public/articles/why-use-answer-the-public-api,make,integration
Answer the Public - Brand,Answer the Public Limits,answer the public daily limit,Phrase,2.40,1600,"Answer the Public Limits","3 Searches Per Day Problem","Unlimited Alternative","Free ATP accounts limited to 3 searches/day. Learn how to bypass limits with automation.","Get unlimited keyword research. No daily caps. Pay per use, not subscriptions.",https://withseismic.com/apify-actors/answer-the-public/articles/why-use-answer-the-public-api,limits,daily-cap
Answer the Public - Brand,Answer the Public Limits,bypass answer the public limit,Phrase,2.60,520,"Bypass ATP Daily Limit","Unlimited Keyword Access","No Search Restrictions","Bypass the 3 searches/day limit with automated API access via Apify actor.","Process unlimited keywords without waiting 24 hours. No subscription required.",https://withseismic.com/apify-actors/answer-the-public/articles/why-use-answer-the-public-api,bypass,limits
Answer the Public - Brand,ATP Reviews,answer the public review,Phrase,2.30,2900,"Answer the Public Review","Honest Assessment 2025","Pros, Cons, Alternatives","Independent review of Answer the Public: features, pricing, limitations, best use cases.","See our verdict on free vs paid plans, and automation alternatives to consider.",https://withseismic.com/apify-actors/answer-the-public/articles/is-it-worth-it,review,assessment
Answer the Public - Brand,ATP Reviews,is answer the public free,Phrase,2.00,3800,"Is Answer the Public Free?","Free Plan vs Paid Plans","Pricing Explained","Yes, ATP offers free plan with 3 searches/day. Learn limitations and upgrade options.","Compare free limitations vs Pro features vs API automation approach.",https://withseismic.com/apify-actors/answer-the-public/articles/free-vs-paid,free-plan,pricing
Answer the Public - Advanced,Competitor Research,competitor keyword research,Phrase,2.95,4200,"Competitor Keyword Research","Content Gap Analysis","Find Missed Opportunities","Discover questions competitors aren't answering. Find content gaps in your niche.","Use Answer the Public to identify topics with low competition and high opportunity.",https://withseismic.com/apify-actors/answer-the-public/articles/for-seo-strategy,competitor,research
Answer the Public - Advanced,Competitor Research,content gap analysis,Phrase,2.85,2800,"Content Gap Analysis","Find Missing Topics","Competitor Content Audit","Identify content gaps using question research. Find topics competitors miss or under-serve.","Answer the Public reveals questions with no strong competitor content.",https://withseismic.com/apify-actors/answer-the-public/articles/for-seo-strategy,content-gaps,analysis
Answer the Public - Advanced,Seasonal Content,seasonal keyword research,Phrase,2.55,1900,"Seasonal Keyword Research","Holiday & Trend Planning","Content Calendar Strategy","Discover seasonal keyword variations. Plan holiday content 3-4 months in advance.","Use ATP with seasonal modifiers to find trending questions by season.",https://withseismic.com/apify-actors/answer-the-public/articles/for-seo-strategy,seasonal,keywords
Answer the Public - Advanced,Local SEO,local seo keyword research,Phrase,2.70,3600,"Local SEO Keywords","Location-Based Research","Near Me Optimization","Combine Answer the Public questions with local modifiers for local SEO.","Target 'near me' and city-specific question variations for local rankings.",https://withseismic.com/apify-actors/answer-the-public/articles/for-seo-strategy,local-seo,keywords
Answer the Public - Advanced,Video SEO,youtube keyword research,Phrase,2.60,5800,"YouTube Keyword Research","Video SEO Strategy","ATP YouTube Data","Use Answer the Public's YouTube data source for video keyword research.","Discover questions perfect for video tutorials, explainers, how-to content.",https://withseismic.com/apify-actors/answer-the-public/articles/for-seo-strategy,youtube,video-seo
Answer the Public - Advanced,Multi-platform,tiktok keyword research,Phrase,2.50,2400,"TikTok Keyword Research","Short-Form Video Topics","Trending Questions","Research TikTok-specific questions with Answer the Public's TikTok data source.","Find trending topics for TikTok content. Platform-specific question discovery.",https://withseismic.com/apify-actors/answer-the-public/articles/what-is-answer-the-public,tiktok,keywords
Answer the Public - PPC,PPC Keywords,ppc keyword research,Phrase,3.20,6400,"PPC Keyword Research","Google Ads Strategy","Negative Keyword Ideas","Use Answer the Public for PPC keyword discovery: long-tail, negative keywords, ad copy.","Find low-competition phrases. Get ad copy inspiration from real searches.",https://withseismic.com/apify-actors/answer-the-public/articles/what-is-answer-the-public,ppc,google-ads
Answer the Public - PPC,Negative Keywords,negative keyword research,Phrase,2.95,2100,"Negative Keyword Research","Reduce Wasted Ad Spend","PPC Optimization","Discover negative keyword ideas from Answer the Public question variations.","Filter out irrelevant traffic. Improve PPC ROI with better negative keywords.",https://withseismic.com/apify-actors/answer-the-public/articles/what-is-answer-the-public,negative-keywords,ppc